Column,Missing_%
NMHC(GT),90.23191193758683
CO(GT),17.986534145559474
NO2(GT),17.54835951693919
NOx(GT),17.51629795874746
PT08.S1(CO),3.9115100993908305
PT08.S2(NMHC),3.9115100993908305
C6H6(GT),3.9115100993908305
PT08.S3(NOx),3.9115100993908305
PT08.S4(NO2),3.9115100993908305
PT08.S5(O3),3.9115100993908305
T,3.9115100993908305
RH,3.9115100993908305
AH,3.9115100993908305
