Model,Test_R2,RMSE
Temporal Split,0.9999463980630252,0.046699936629471105
Random Shuffle,0.9998452620160607,0.09220499852034506
